-- BRS_Units
-- Author: Safeguard
-- DateCreated: 2/15/2023 9:14:38 PM
--------------------------------------------------------------
INSERT INTO Types (Type, Kind)
VALUES	('UNIT_SGA_BRS_BLACK_ROCK_INFANTRY', 'KIND_UNIT'),
		-- ABILITIES
		-- PROMOTIONS
		('PROMOTION_CLASS_SGA_BRS_BLACK_ROCK_INFANTRY_PROMOTIONS', 'KIND_PROMOTION_CLASS'),
		-- 1
		('PROMOTION_SGA_BRS_BRI_COMBAT', 'KIND_PROMOTION'),
		('PROMOTION_SGA_BRS_BRI_ATTACK_AND_MOVE', 'KIND_PROMOTION'),
		-- 2
		('PROMOTION_SGA_BRS_BRI_RANGE', 'KIND_PROMOTION'),
		('PROMOTION_SGA_BRS_BRI_HEAL_PER_TURN', 'KIND_PROMOTION'),
		-- 3
		('PROMOTION_SGA_BRS_BRI_MOVEMENT', 'KIND_PROMOTION'),
		('PROMOTION_SGA_BRS_BRI_HEAL_IN_COMBAT', 'KIND_PROMOTION');

INSERT INTO Tags (Tag, Vocabulary)
VALUES	('CLASS_SGA_BRS_BLACK_ROCK_INFANTRY', 'ABILITY_CLASS');

INSERT INTO TypeTags (Type, Tag)
VALUES	('UNIT_SGA_BRS_BLACK_ROCK_INFANTRY', 'CLASS_MELEE');
		-- ABILITIES

INSERT INTO Units (UnitType,
					Combat,
					BaseMoves,
					Maintenance,
					Cost,
					AdvisorType,
					BaseSightRange,
					ZoneOfControl,
					Domain,
					FormationClass,
					Name,
					Description,
					PrereqTech,
					PromotionClass,
					TraitType,
					PurchaseYield,
					CanTargetAir,
					CanTrain,
					AllowBarbarians,
					Range,
					RangedCombat,
					Bombard,
					PrereqDistrict,
					Stackable,
					WMDCapable,
					IgnoreMoves,
					MandatoryObsoleteTech,
					PseudoYieldType)
VALUES	('UNIT_SGA_BRS_BLACK_ROCK_INFANTRY', -- UnitType
		'80', -- Combat
		'3', -- BaseMoves
		'7', -- Maintenance
		'900', -- Cost
		'ADVISOR_CONQUEST', -- AdvisorType
		'5', -- BaseSightRange
		'1', -- ZoneOfControl
		'DOMAIN_LAND', -- Domain
		'FORMATION_CLASS_LAND_COMBAT', -- FormationClass
		'LOC_UNIT_SGA_BRS_BRI_NAME', -- Name
		'LOC_SGA_BRS_BRI_DESCRIPTION', -- Description
		'TECH_SATELLITES', -- PrereqTech
		'PROMOTION_CLASS_SGA_BRS_BLACK_ROCK_INFANTRY_PROMOTIONS', -- PromotionClass
		'TRAIT_CIVILIZATION_UNIT_SGA_BRS_BLACK_ROCK_INFANTRY', -- TraitType
		'YIELD_GOLD', -- PurchaseYield
		'1', -- CanTargetAir
		'1', -- CanTrain
		'1', -- AllowBarbarians
		'3', -- Range
		'90', -- RangedCombat
		'0', -- Bombard
		'DISTRICT_SGA_BRS_OTHERWORLDLY_NEXUS', -- PrereqDistrict
		'0', -- Stackable
		'0', -- WMDCapable
		'0', -- IgnoreMoves
		NULL, -- MandatoryObsoleteTech
		NULL); -- PseudoYieldType

INSERT INTO UnitReplaces (CivUniqueUnitType, ReplacesUnitType)
VALUES	('UNIT_SGA_BRS_BLACK_ROCK_INFANTRY', 'UNIT_MECHANIZED_INFANTRY');

INSERT INTO UnitAiInfos (UnitType, AiType)
VALUES	('UNIT_SGA_BRS_BLACK_ROCK_INFANTRY', 'UNITAI_COMBAT'),
		('UNIT_SGA_BRS_BLACK_ROCK_INFANTRY', 'UNITAI_EXPLORE'),
		('UNIT_SGA_BRS_BLACK_ROCK_INFANTRY', 'UNITTYPE_MELEE'),
		('UNIT_SGA_BRS_BLACK_ROCK_INFANTRY', 'UNITTYPE_RANGED'),
		('UNIT_SGA_BRS_BLACK_ROCK_INFANTRY', 'UNITTYPE_SIEGE'),
		('UNIT_SGA_BRS_BLACK_ROCK_INFANTRY', 'UNITTYPE_SIEGE_ALL'),
		('UNIT_SGA_BRS_BLACK_ROCK_INFANTRY', 'UNITTYPE_LAND_COMBAT');

-------------------------------------------------------------- ABILITIES
-------------------------------------------------------------- PROMOTIONS
INSERT INTO UnitPromotionClasses (PromotionClassType, Name)
VALUES	('PROMOTION_CLASS_SGA_BRS_BLACK_ROCK_INFANTRY_PROMOTIONS', 'PROMOTION_CLASS_SGA_BRS_BLACK_ROCK_INFANTRY_NAME');

INSERT INTO UnitPromotions (UnitPromotionType, Name, Description, Level, Column, PromotionClass)
VALUES	('PROMOTION_SGA_BRS_BRI_COMBAT', 'LOC_PROMOTION_SGA_BRS_BRI_COMBAT_NAME', 'LOC_PROMOTION_SGA_BRS_BRI_COMBAT_DESCRIPTION', 1, 1, 'PROMOTION_CLASS_SGA_BRS_BLACK_ROCK_INFANTRY_PROMOTIONS'),
		('PROMOTION_SGA_BRS_BRI_ATTACK_AND_MOVE', 'LOC_PROMOTION_SGA_BRS_BRI_ATTACK_AND_MOVE_NAME', 'LOC_PROMOTION_SGA_BRS_BRI_ATTACK_AND_MOVE_DESCRIPTION', 1, 3, 'PROMOTION_CLASS_SGA_BRS_BLACK_ROCK_INFANTRY_PROMOTIONS'),
		('PROMOTION_SGA_BRS_BRI_RANGE', 'LOC_PROMOTION_SGA_BRS_BRI_RANGE_NAME', 'LOC_PROMOTION_SGA_BRS_BRI_RANGE_DESCRIPTION', 2, 1, 'PROMOTION_CLASS_SGA_BRS_BLACK_ROCK_INFANTRY_PROMOTIONS'),
		('PROMOTION_SGA_BRS_BRI_HEAL_PER_TURN', 'LOC_PROMOTION_SGA_BRS_BRI_HEAL_PER_TURN_NAME', 'LOC_PROMOTION_SGA_BRS_BRI_HEAL_PER_TURN_DESCRIPTION', 2, 3, 'PROMOTION_CLASS_SGA_BRS_BLACK_ROCK_INFANTRY_PROMOTIONS'),
		('PROMOTION_SGA_BRS_BRI_MOVEMENT', 'LOC_PROMOTION_SGA_BRS_BRI_MOVEMENT_NAME', 'LOC_PROMOTION_SGA_BRS_BRI_MOVEMENT_DESCRIPTION', 3, 1, 'PROMOTION_CLASS_SGA_BRS_BLACK_ROCK_INFANTRY_PROMOTIONS'),
		('PROMOTION_SGA_BRS_BRI_HEAL_IN_COMBAT', 'LOC_PROMOTION_SGA_BRS_BRI_HEAL_IN_COMBAT_NAME', 'LOC_PROMOTION_SGA_BRS_BRI_HEAL_IN_COMBAT_DESCRIPTION', 3, 3, 'PROMOTION_CLASS_SGA_BRS_BLACK_ROCK_INFANTRY_PROMOTIONS');

INSERT INTO UnitPromotionPrereqs (UnitPromotion, PrereqUnitPromotion)
VALUES	('PROMOTION_SGA_BRS_BRI_HEAL_IN_COMBAT', 'PROMOTION_SGA_BRS_BRI_HEAL_PER_TURN'),
		('PROMOTION_SGA_BRS_BRI_HEAL_IN_COMBAT', 'PROMOTION_SGA_BRS_BRI_RANGE'),
		('PROMOTION_SGA_BRS_BRI_MOVEMENT', 'PROMOTION_SGA_BRS_BRI_HEAL_PER_TURN'),
		('PROMOTION_SGA_BRS_BRI_MOVEMENT', 'PROMOTION_SGA_BRS_BRI_RANGE'),
		('PROMOTION_SGA_BRS_BRI_HEAL_PER_TURN', 'PROMOTION_SGA_BRS_BRI_COMBAT'),
		('PROMOTION_SGA_BRS_BRI_HEAL_PER_TURN', 'PROMOTION_SGA_BRS_BRI_ATTACK_AND_MOVE'),
		('PROMOTION_SGA_BRS_BRI_RANGE', 'PROMOTION_SGA_BRS_BRI_COMBAT'),
		('PROMOTION_SGA_BRS_BRI_RANGE', 'PROMOTION_SGA_BRS_BRI_ATTACK_AND_MOVE');
		

INSERT INTO UnitPromotionModifiers (UnitPromotionType, ModifierId)
VALUES	('PROMOTION_SGA_BRS_BRI_COMBAT', 'BRI_COMBAT'),
		('PROMOTION_SGA_BRS_BRI_ATTACK_AND_MOVE', 'BRI_ATTACK_AND_MOVE'),
		('PROMOTION_SGA_BRS_BRI_RANGE', 'BRI_RANGE'),
		('PROMOTION_SGA_BRS_BRI_HEAL_PER_TURN', 'BRI_HEAL_PER_TURN'),
		('PROMOTION_SGA_BRS_BRI_MOVEMENT', 'BRI_MOVEMENT'),
		('PROMOTION_SGA_BRS_BRI_HEAL_IN_COMBAT', 'BRI_HEAL_IN_COMBAT');

INSERT INTO Modifiers (ModifierId, ModifierType, RunOnce, Permanent, SubjectRequirementSetId, OwnerRequirementSetId)
VALUES	-- ABILITIES -- REDUNDANT
-------------------------------------------------------------- PROMOTIONS
		('BRI_COMBAT', 'MODIFIER_UNIT_ADJUST_COMBAT_STRENGTH', 1, 1, 'COSSACK_PLOT_IS_OWNER_OR_ADJACENT_REQUIREMENTS', NULL),
		('BRI_ATTACK_AND_MOVE', 'MODIFIER_PLAYER_UNIT_ADJUST_ATTACK_AND_MOVE', 1, 1, 'COSSACK_PLOT_IS_OWNER_OR_ADJACENT_REQUIREMENTS', NULL),
		('BRI_RANGE', 'MODIFIER_UNIT_ADJUST_ATTACK_RANGE', 1, 1, 'COSSACK_PLOT_IS_OWNER_OR_ADJACENT_REQUIREMENTS', NULL),
		('BRI_HEAL_PER_TURN', 'MODIFIER_PLAYER_UNIT_ADJUST_HEAL_PER_TURN', 1, 1, 'COSSACK_PLOT_IS_OWNER_OR_ADJACENT_REQUIREMENTS', NULL),
		('BRI_MOVEMENT', 'MODIFIER_PLAYER_UNIT_ADJUST_MOVEMENT', 1, 1, 'COSSACK_PLOT_IS_OWNER_OR_ADJACENT_REQUIREMENTS', NULL),
		('BRI_HEAL_IN_COMBAT', 'MODIFIER_PLAYER_UNIT_ADJUST_HEAL_FROM_COMBAT', 1, 1, 'COSSACK_PLOT_IS_OWNER_OR_ADJACENT_REQUIREMENTS', NULL);

INSERT INTO ModifierArguments (ModifierId, Name, Value)
VALUES	-- ABILITIES
-------------------------------------------------------------- PROMOTIONS
		('BRI_COMBAT', 'Amount', '3'),
		('BRI_ATTACK_AND_MOVE', 'CanMove', '1'),
		('BRI_RANGE', 'Amount', '1'),
		('BRI_HEAL_PER_TURN', 'Amount', '25'),
		('BRI_MOVEMENT', 'Amount', '1'),
		('BRI_HEAL_IN_COMBAT', 'Amount', '50');

INSERT INTO ModifierStrings(ModifierId, Context, Text)
VALUES	('BRI_COMBAT', 'Preview', 'LOC_BRI_COMBAT_DESCRIPTION');