-- BRS_Civilization
-- Author: Safeguard
-- DateCreated: 2/15/2023 9:12:25 PM
--------------------------------------------------------------
--CIVILIZATIONS
--TYPES
INSERT INTO Types (Type, Kind)
VALUES	('CIVILIZATION_SGA_BRS', 'KIND_CIVILIZATION');

--CIVILIZATIONS
INSERT INTO Civilizations (CivilizationType, 
							Name, 
							Description, 
							Adjective, 
							StartingCivilizationLevelType, 
							RandomCityNameDepth, 
							Ethnicity)
VALUES	('CIVILIZATION_SGA_BRS', 
		'LOC_CIVILIZATION_SGA_BRS_NAME', 
		'LOC_CIVILIZATION_SGA_BRS_DESCRIPTION', 
		'LOC_CIVILIZATION_SGA_BRS_ADJECTIVE',	
		'CIVILIZATION_LEVEL_FULL_CIV', 
		25, 
		'ETHNICITY_EURO');	
			
--CITY NAMES					
INSERT INTO CityNames (CivilizationType, CityName)	
VALUES	('CIVILIZATION_SGA_BRS', 'LOC_CITY_NAME_SGA_BRS_1'),	
		('CIVILIZATION_SGA_BRS', 'LOC_CITY_NAME_SGA_BRS_2'),	
		('CIVILIZATION_SGA_BRS', 'LOC_CITY_NAME_SGA_BRS_3'),	
		('CIVILIZATION_SGA_BRS', 'LOC_CITY_NAME_SGA_BRS_4'),	
		('CIVILIZATION_SGA_BRS', 'LOC_CITY_NAME_SGA_BRS_5'),	
		('CIVILIZATION_SGA_BRS', 'LOC_CITY_NAME_SGA_BRS_6'),	
		('CIVILIZATION_SGA_BRS', 'LOC_CITY_NAME_SGA_BRS_7'),	
		('CIVILIZATION_SGA_BRS', 'LOC_CITY_NAME_SGA_BRS_8'),	
		('CIVILIZATION_SGA_BRS', 'LOC_CITY_NAME_SGA_BRS_9'),	
		('CIVILIZATION_SGA_BRS', 'LOC_CITY_NAME_SGA_BRS_10'),	
		('CIVILIZATION_SGA_BRS', 'LOC_CITY_NAME_SGA_BRS_11'),	
		('CIVILIZATION_SGA_BRS', 'LOC_CITY_NAME_SGA_BRS_12'),	
		('CIVILIZATION_SGA_BRS', 'LOC_CITY_NAME_SGA_BRS_13'),	
		('CIVILIZATION_SGA_BRS', 'LOC_CITY_NAME_SGA_BRS_14'),	
		('CIVILIZATION_SGA_BRS', 'LOC_CITY_NAME_SGA_BRS_15'),	
		('CIVILIZATION_SGA_BRS', 'LOC_CITY_NAME_SGA_BRS_16'),	
		('CIVILIZATION_SGA_BRS', 'LOC_CITY_NAME_SGA_BRS_17'),	
		('CIVILIZATION_SGA_BRS', 'LOC_CITY_NAME_SGA_BRS_18'),	
		('CIVILIZATION_SGA_BRS', 'LOC_CITY_NAME_SGA_BRS_19'),	
		('CIVILIZATION_SGA_BRS', 'LOC_CITY_NAME_SGA_BRS_20'),	
		('CIVILIZATION_SGA_BRS', 'LOC_CITY_NAME_SGA_BRS_21'),	
		('CIVILIZATION_SGA_BRS', 'LOC_CITY_NAME_SGA_BRS_22'),	
		('CIVILIZATION_SGA_BRS', 'LOC_CITY_NAME_SGA_BRS_23'),	
		('CIVILIZATION_SGA_BRS', 'LOC_CITY_NAME_SGA_BRS_24'),	
		('CIVILIZATION_SGA_BRS', 'LOC_CITY_NAME_SGA_BRS_25'),
		('CIVILIZATION_SGA_BRS', 'LOC_CITY_NAME_SGA_BRS_26'),
		('CIVILIZATION_SGA_BRS', 'LOC_CITY_NAME_SGA_BRS_27'),
		('CIVILIZATION_SGA_BRS', 'LOC_CITY_NAME_SGA_BRS_28'),
		('CIVILIZATION_SGA_BRS', 'LOC_CITY_NAME_SGA_BRS_29'),
		('CIVILIZATION_SGA_BRS', 'LOC_CITY_NAME_SGA_BRS_30');

--CIV CITIZENS	
INSERT INTO CivilizationCitizenNames (CivilizationType, CitizenName, Female, Modern)
VALUES	('CIVILIZATION_SGA_BRS', 'LOC_CITIZEN_SGA_BRS_MALE_1', 0, 0),
		('CIVILIZATION_SGA_BRS', 'LOC_CITIZEN_SGA_BRS_MODERN_MALE_1', 0, 1),
		('CIVILIZATION_SGA_BRS', 'LOC_CITIZEN_SGA_BRS_FEMALE_1', 1,	0),
		('CIVILIZATION_SGA_BRS', 'LOC_CITIZEN_SGA_BRS_MODERN_FEMALE_1',	1, 1);
			
--CIV INFO					
INSERT INTO CivilizationInfo (CivilizationType, Header, Caption,	SortIndex)	
VALUES	('CIVILIZATION_SGA_BRS', 'LOC_CIVINFO_LOCATION', 'LOC_CIVINFO_SGA_BRS_LOCATION', 1),
		('CIVILIZATION_SGA_BRS', 'LOC_CIVINFO_SIZE', 'LOC_CIVINFO_SGA_BRS_SIZE', 2),
		('CIVILIZATION_SGA_BRS', 'LOC_CIVINFO_POPULATION', 'LOC_CIVINFO_SGA_BRS_POPULATION', 3),
		('CIVILIZATION_SGA_BRS', 'LOC_CIVINFO_CAPITAL', 'LOC_CIVINFO_SGA_BRS_CAPITAL', 4);

--CIVILIZATION TRAITS
--TYPES	
INSERT INTO Types (Type, Kind)
VALUES	('TRAIT_CIVILIZATION_SGA_BRS_TWO_WORLDS', 'KIND_TRAIT'),
		('TRAIT_CIVILIZATION_DISTRICT_SGA_BRS_OTHERWORLDLY_NEXUS', 'KIND_TRAIT'),
		('TRAIT_CIVILIZATION_UNIT_SGA_BRS_BLACK_ROCK_INFANTRY', 'KIND_TRAIT');

--TRAITS			
INSERT INTO Traits (TraitType,	Name, Description)
VALUES	('TRAIT_CIVILIZATION_SGA_BRS_TWO_WORLDS', 'LOC_TRAIT_CIVILIZATION_SGA_BRS_TWO_WORLDS_NAME', 'LOC_TRAIT_CIVILIZATION_SGA_BRS_TWO_WORLDS_DESCRIPTION'),
		('TRAIT_CIVILIZATION_DISTRICT_SGA_BRS_OTHERWORLDLY_NEXUS',	'LOC_DISTRICT_SGA_BRS_OTHERWORLDLY_PORTAL_NAME', 'LOC_DISTRICT_SGA_BRS_OTHERWORLDLY_PORTAL_DESCRIPTION'),
		('TRAIT_CIVILIZATION_UNIT_SGA_BRS_BLACK_ROCK_INFANTRY', 'LOC_UNIT_SGA_BRS_BLACK_ROCK_INFANTRY_NAME', 'LOC_UNIT_SGA_BRS_BLACK_ROCK_INFANTRY_DESCRIPTION');

--TRAIT MODIFIERS					
INSERT INTO TraitModifiers (TraitType,	ModifierId)
VALUES	('TRAIT_CIVILIZATION_SGA_BRS_TWO_WORLDS', 'TRAIT_MODIFIER_CULTURE'),
		('TRAIT_CIVILIZATION_SGA_BRS_TWO_WORLDS', 'TRAIT_MODIFIER_FOOD'),
		('TRAIT_CIVILIZATION_SGA_BRS_TWO_WORLDS', 'TRAIT_MODIFIER_FAITH'),
		-- OTHERWORLD YIELDS
		('TRAIT_CIVILIZATION_SGA_BRS_TWO_WORLDS', 'TRAIT_MODIFIER_SCIENCE'),
		('TRAIT_CIVILIZATION_SGA_BRS_TWO_WORLDS', 'TRAIT_MODIFIER_GOLD'),
		('TRAIT_CIVILIZATION_SGA_BRS_TWO_WORLDS', 'TRAIT_MODIFIER_PRODUCTION');

--MODIFIERS
INSERT INTO Modifiers (ModifierId, ModifierType, SubjectRequirementSetId)
VALUES	('TRAIT_MODIFIER_CULTURE', 'MODIFIER_PLAYER_CITIES_ADJUST_CITY_YIELD_MODIFIER', 'CITY_HAS_NOT_OTHERWORLDLY_NEXUS'),
		('TRAIT_MODIFIER_FOOD', 'MODIFIER_PLAYER_CITIES_ADJUST_CITY_YIELD_MODIFIER', 'CITY_HAS_NOT_OTHERWORLDLY_NEXUS'),
		('TRAIT_MODIFIER_FAITH', 'MODIFIER_PLAYER_CITIES_ADJUST_CITY_YIELD_MODIFIER', 'CITY_HAS_NOT_OTHERWORLDLY_NEXUS'),
		-- OTHERWORLD YIELDS
		('TRAIT_MODIFIER_SCIENCE', 'MODIFIER_PLAYER_CITIES_ADJUST_CITY_YIELD_MODIFIER', 'CITY_HAS_OTHERWORLDLY_NEXUS'),
		('TRAIT_MODIFIER_GOLD', 'MODIFIER_PLAYER_CITIES_ADJUST_CITY_YIELD_MODIFIER', 'CITY_HAS_OTHERWORLDLY_NEXUS'),
		('TRAIT_MODIFIER_PRODUCTION', 'MODIFIER_PLAYER_CITIES_ADJUST_CITY_YIELD_MODIFIER', 'CITY_HAS_OTHERWORLDLY_NEXUS');

--MODIFIER ARGUMENTS
INSERT INTO ModifierArguments (ModifierId, Name, Value)
VALUES	('TRAIT_MODIFIER_CULTURE', 'YieldType',	'YIELD_CULTURE'),
		('TRAIT_MODIFIER_CULTURE', 'Amount', '20'),
		('TRAIT_MODIFIER_FOOD', 'YieldType', 'YIELD_FOOD'),
		('TRAIT_MODIFIER_FOOD', 'Amount', '20'),
		('TRAIT_MODIFIER_FAITH', 'YieldType', 'YIELD_FAITH'),
		('TRAIT_MODIFIER_FAITH', 'Amount', '20'),
		-- OTHERWORLD YIELDS
		('TRAIT_MODIFIER_SCIENCE', 'YieldType',	'YIELD_SCIENCE'),
		('TRAIT_MODIFIER_SCIENCE', 'Amount', '20'),
		('TRAIT_MODIFIER_PRODUCTION', 'YieldType', 'YIELD_PRODUCTION'),
		('TRAIT_MODIFIER_PRODUCTION', 'Amount', '20'),
		('TRAIT_MODIFIER_GOLD', 'YieldType', 'YIELD_GOLD'),
		('TRAIT_MODIFIER_GOLD', 'Amount', '20');

INSERT OR IGNORE INTO RequirementSets (RequirementSetId, RequirementSetType)
VALUES	('CITY_HAS_NOT_OTHERWORLDLY_NEXUS', 'REQUIREMENTSET_TEST_ALL'),
		('CITY_HAS_OTHERWORLDLY_NEXUS', 'REQUIREMENTSET_TEST_ALL');

INSERT OR IGNORE INTO RequirementSetRequirements (RequirementSetId, RequirementId)
VALUES	('CITY_HAS_NOT_OTHERWORLDLY_NEXUS', 'REQUIRES_CITY_HAS_NOT_OTHERWORLDLY_NEXUS'),
		('CITY_HAS_OTHERWORLDLY_NEXUS', 'REQUIRES_CITY_HAS_OTHERWORLDLY_NEXUS');

INSERT OR IGNORE INTO Requirements (RequirementId, RequirementType, Inverse)
VALUES	('REQUIRES_CITY_HAS_NOT_OTHERWORLDLY_NEXUS', 'REQUIREMENT_CITY_HAS_DISTRICT', 1),
		('REQUIRES_CITY_HAS_OTHERWORLDLY_NEXUS', 'REQUIREMENT_CITY_HAS_DISTRICT', 0);

INSERT OR IGNORE INTO RequirementArguments (RequirementId, Name, Value)
VALUES	('REQUIRES_CITY_HAS_NOT_OTHERWORLDLY_NEXUS', 'DistrictType', 'DISTRICT_SGA_BRS_OTHERWORLDLY_NEXUS'),
		('REQUIRES_CITY_HAS_NOT_OTHERWORLDLY_NEXUS', 'MustBeFunctioning', 1),
		('REQUIRES_CITY_HAS_OTHERWORLDLY_NEXUS', 'DistrictType', 'DISTRICT_SGA_BRS_OTHERWORLDLY_NEXUS'),
		('REQUIRES_CITY_HAS_OTHERWORLDLY_NEXUS', 'MustBeFunctioning', 1);

--CIV TRAITS
INSERT INTO CivilizationTraits (TraitType, CivilizationType)
VALUES	('TRAIT_CIVILIZATION_SGA_BRS_TWO_WORLDS', 'CIVILIZATION_SGA_BRS'),
		('TRAIT_CIVILIZATION_DISTRICT_SGA_BRS_OTHERWORLDLY_NEXUS', 'CIVILIZATION_SGA_BRS'),
		('TRAIT_CIVILIZATION_UNIT_SGA_BRS_BLACK_ROCK_INFANTRY', 'CIVILIZATION_SGA_BRS');

INSERT INTO ModifierStrings	(ModifierId, Context, Text)
VALUES	('TRAIT_MODIFIER_CULTURE', 'Preview', 'LOC_TRAIT_MODIFIER_CULTURE_DESCRIPTION'),
		('TRAIT_MODIFIER_FOOD', 'Preview', 'LOC_TRAIT_MODIFIER_FOOD_DESCRIPTION'),
		('TRAIT_MODIFIER_FAITH', 'Preview', 'LOC_TRAIT_MODIFIER_FAITH_DESCRIPTION'),
		-- OTHERWORLD YIELDS
		('TRAIT_MODIFIER_SCIENCE', 'Preview', 'LOC_TRAIT_MODIFIER_SCIENCE_DESCRIPTION'),
		('TRAIT_MODIFIER_PRODUCTION', 'Preview', 'LOC_TRAIT_MODIFIER_PRODUCTION_DESCRIPTION'),
		('TRAIT_MODIFIER_GOLD', 'Preview', 'LOC_TRAIT_MODIFIER_GOLD_DESCRIPTION');