-- BRS_Agenda
-- Author: Safeguard
-- DateCreated: 7/26/2023 11:02:06 PM
--------------------------------------------------------------
INSERT INTO Types	
		(Type, Kind)
VALUES	('TRAIT_AGENDA_SGA_BRS_UNIQUE_AGENDA', 'KIND_TRAIT');

INSERT INTO Agendas (AgendaType, Name, Description)
VALUES	('AGENDA_BRS', 'LOC_AGENDA_BRS_NAME', 'LOC_AGENDA_BRS_DESCRIPTION');

INSERT INTO HistoricalAgendas	
		(LeaderType, AgendaType)
VALUES	('LEADER_SGA_BRS', 'AGENDA_BRS');

INSERT INTO Traits (TraitType, Name, Description)
VALUES	('TRAIT_AGENDA_SGA_BRS_UNIQUE_AGENDA', 'LOC_TRAIT_AGENDA_SGA_BRS_UNIQUE_AGENDA_NAME', 'LOC_TRAIT_AGENDA_SGA_BRS_UNIQUE_AGENDA_DESCRIPTION');

INSERT INTO AgendaTraits (AgendaType, TraitType)
VALUES	('AGENDA_BRS', 'TRAIT_AGENDA_SGA_BRS_UNIQUE_AGENDA');

INSERT INTO AiListTypes (ListType)
VALUES	('DarwinistIgnoreWarmongerValue_BRS'),
		('StandingArmyPseudoYields_BRS'),
		('WithShieldDiplomacy_BRS'),
		('NukeLoverNukePreference_BRS'),
		('NukeLoverUseNukePreference_BRS'),
		('NotPeacekeeperWarLimits_BRS');

INSERT INTO AiLists (ListType, AgendaType, System)
VALUES	('DarwinistIgnoreWarmongerValue_BRS', 'TRAIT_AGENDA_SGA_BRS_UNIQUE_AGENDA', 'PseudoYields'),
		('StandingArmyPseudoYields_BRS', 'TRAIT_AGENDA_SGA_BRS_UNIQUE_AGENDA', 'PseudoYields'),
		('WithShieldDiplomacy_BRS', 'TRAIT_AGENDA_SGA_BRS_UNIQUE_AGENDA', 'DiplomaticActions'),
		('NukeLoverNukePreference_BRS', 'TRAIT_AGENDA_SGA_BRS_UNIQUE_AGENDA', 'PseudoYields'),
		('NukeLoverUseNukePreference_BRS', 'TRAIT_AGENDA_SGA_BRS_UNIQUE_AGENDA', 'DiplomaticActions'),
		('NotPeacekeeperWarLimits_BRS', 'TRAIT_AGENDA_SGA_BRS_UNIQUE_AGENDA', 'DiplomaticActions');

INSERT INTO AiFavoredItems (ListType, Item, Favored, Value)
VALUES	('DarwinistIgnoreWarmongerValue_BRS', 'PSEUDOYIELD_DIPLOMATIC_BONUS', 0, '-100'),
		('StandingArmyPseudoYields_BRS', 'PSEUDOYIELD_STANDING_ARMY_NUMBER', 1, '100'),
		('StandingArmyPseudoYields_BRS', 'PSEUDOYIELD_STANDING_ARMY_VALUE', 1, '100'),
		('WithShieldDiplomacy_BRS', 'DIPLOACTION_MAKE_PEACE', 0, '0'),
		('NukeLoverNukePreference_BRS', 'PSEUDOYIELD_NUCLEAR_WEAPON', 1, '100'),
		('NukeLoverUseNukePreference_BRS', 'DIPLOACTION_USE_NUCLEAR_WEAPON', 1, '100'),
		('NotPeacekeeperWarLimits_BRS', 'DIPLOACTION_DECLARE_SURPRISE_WAR', 1, '100'),
		('NotPeacekeeperWarLimits_BRS', 'DIPLOACTION_DECLARE_FORMAL_WAR', 1, '100'),
		('NotPeacekeeperWarLimits_BRS', 'DIPLOACTION_DECLARE_WAR_MINOR_CIV', 1, '100');

INSERT INTO TraitModifiers (TraitType, ModifierId)
VALUES	('TRAIT_AGENDA_SGA_BRS_UNIQUE_AGENDA', 'NONAGENDA_BRS_IGNORE_WARMONGERING'),
		('TRAIT_AGENDA_SGA_BRS_UNIQUE_AGENDA', 'AGENDA_BRS_HIGH_STANDING_ARMY'),
		('TRAIT_AGENDA_SGA_BRS_UNIQUE_AGENDA', 'AGENDA_BRS_MODIFIER_WITH_SHIELD_OR_ON_IT'),
		('TRAIT_AGENDA_SGA_BRS_UNIQUE_AGENDA', 'AGENDA_BRS_MODIFIER_NOT_WARMONGER'),
		('TRAIT_AGENDA_SGA_BRS_UNIQUE_AGENDA', 'AGENDA_BRS_MODIFIER_WARMONGER'),
		-- CUSTOM ADDITIONALS
		('TRAIT_AGENDA_SGA_BRS_UNIQUE_AGENDA', 'AGENDA_BRS_PLAYER_FRIEND_DENOUNCED'),
		('TRAIT_AGENDA_SGA_BRS_UNIQUE_AGENDA', 'AGENDA_BRS_REMEMBER_WAR'),
		('TRAIT_AGENDA_SGA_BRS_UNIQUE_AGENDA', 'AGENDA_BRS_REMEMBER_FRIEND');

INSERT INTO Modifiers (ModifierId, ModifierType, OwnerRequirementSetId, SubjectRequirementSetId)
VALUES	('AGENDA_BRS_PLAYER_FRIEND_DENOUNCED', 'MODIFIER_PLAYER_DIPLOMACY_SIMPLE_MODIFIER', 'ON_TURN_STARTED', 'PLAYER_FRIEND_DENOUNCED'),
		('NONAGENDA_BRS_IGNORE_WARMONGERING', 'MODIFIER_PLAYER_ADJUST_WARMONGER_MULTIPLIER', NULL, NULL),
		('AGENDA_BRS_HIGH_STANDING_ARMY', 'MODIFIER_PLAYER_DIPLOMACY_SIMPLE_MODIFIER', NULL, 'PLAYER_HAS_HIGH_STANDING_ARMY'),
		('AGENDA_BRS_MODIFIER_WITH_SHIELD_OR_ON_IT', 'MODIFIER_PLAYER_DIPLOMACY_AGENDA_WITH_SHIELD_OR_ON_IT', 'ON_TURN_STARTED', 'PLAYER_WITH_SHIELD_OR_ON_IT'),
		('AGENDA_BRS_MODIFIER_NOT_WARMONGER', 'MODIFIER_PLAYER_DIPLOMACY_SIMPLE_MODIFIER', NULL, 'PLAYER_NOT_WARMONGER_SUBJECT'),
		('AGENDA_BRS_MODIFIER_WARMONGER', 'MODIFIER_PLAYER_DIPLOMACY_SIMPLE_MODIFIER', NULL, 'PLAYER_IS_WARMONGER_SUBJECT'),
		('AGENDA_BRS_REMEMBER_WAR', 'MODIFIER_PLAYER_DIPLOMACY_SIMPLE_MODIFIER', 'ON_TURN_STARTED', 'PLAYER_DECLARES_WAR'),
		('AGENDA_BRS_REMEMBER_FRIEND', 'MODIFIER_PLAYER_DIPLOMACY_SIMPLE_MODIFIER', 'ON_TURN_STARTED', 'PLAYER_DECLARED_FRIEND');

INSERT INTO ModifierArguments (ModifierId, Name, Value)
VALUES	-- PLAYER FRIEND DENOUNCED
		('AGENDA_BRS_PLAYER_FRIEND_DENOUNCED', 'InitialValue', '-50'),
		('AGENDA_BRS_PLAYER_FRIEND_DENOUNCED', 'StatementKey', 'LOC_DIPLO_WARNING_BRS_PLAYER_FRIEND_DENOUNCED'),
		('AGENDA_BRS_PLAYER_FRIEND_DENOUNCED', 'SimpleModifierDescription', 'LOC_DIPLO_WARNING_BRS_PLAYER_FRIEND_DENOUNCED_DESCRIPTION'),
		-- THOG DONT CAARE
		('NONAGENDA_BRS_IGNORE_WARMONGERING', 'Amount', '0'),
		-- HIGH STANDING ARMY
		('AGENDA_BRS_HIGH_STANDING_ARMY', 'InitialValue', '3'),
		('AGENDA_BRS_HIGH_STANDING_ARMY', 'StatementKey', 'LOC_DIPLO_WARNING_BRS_HIGH_STANDING_ARMY'),
		('AGENDA_BRS_HIGH_STANDING_ARMY', 'SimpleModifierDescription', 'LOC_DIPLO_WARNING_BRS_HIGH_STANDING_ARMY_DESCRIPTION'),
		-- GORGO BRS COLLAB AGENDA MODIFIERS
		('AGENDA_BRS_MODIFIER_WITH_SHIELD_OR_ON_IT', 'InitialValue', '5'),
		('AGENDA_BRS_MODIFIER_WITH_SHIELD_OR_ON_IT', 'IncrementValue', '0'),
		('AGENDA_BRS_MODIFIER_WITH_SHIELD_OR_ON_IT', 'StatementKey', 'LOC_DIPLO_WARNING_BRS_WITH_SHIELD_OR_ON_IT'),
		('AGENDA_BRS_MODIFIER_WITH_SHIELD_OR_ON_IT', 'SimpleModifierDescription', 'LOC_DIPLO_WARNING_BRS_WITH_SHIELD_OR_ON_IT_DESCRIPTION'),
		('AGENDA_BRS_MODIFIER_WITH_SHIELD_OR_ON_IT', 'MaxDiploModifierMagnitude', '10'),
		('AGENDA_BRS_MODIFIER_WITH_SHIELD_OR_ON_IT', 'HighThreshold', '3'),
		('AGENDA_BRS_MODIFIER_WITH_SHIELD_OR_ON_IT', 'LowThreshold', '-1'),
		('AGENDA_BRS_MODIFIER_WITH_SHIELD_OR_ON_IT', 'AvoidedWarPenalty', '-3'),
		('AGENDA_BRS_MODIFIER_WITH_SHIELD_OR_ON_IT', 'AvoidedWarPenaltyTurnsToRampUp', '15'),
		('AGENDA_BRS_MODIFIER_WITH_SHIELD_OR_ON_IT', 'PaidForPeacePenalty', '-5'),
		('AGENDA_BRS_MODIFIER_WITH_SHIELD_OR_ON_IT', 'PaidForPeacePenaltyTurnsToFadeOut', '30'),
		('AGENDA_BRS_MODIFIER_WITH_SHIELD_OR_ON_IT', 'ReductionValue', '0'),
		('AGENDA_BRS_MODIFIER_WITH_SHIELD_OR_ON_IT', 'ReductionTurns', '0'),
		-- NOT WARMONGER
		('AGENDA_BRS_MODIFIER_NOT_WARMONGER', 'InitialValue', '1'),
		('AGENDA_BRS_MODIFIER_NOT_WARMONGER', 'StatementKey', 'LOC_DIPLO_KUDO_BRS_NOT_WARMONGER'),
		('AGENDA_BRS_MODIFIER_NOT_WARMONGER', 'SimpleModifierDescription', 'LOC_DIPLO_KUDO_BRS_NOT_WARMONGER_DESCRIPTION'),
		-- IS WARMONGER
		('AGENDA_BRS_MODIFIER_WARMONGER', 'InitialValue', '-1'),
		('AGENDA_BRS_MODIFIER_WARMONGER', 'StatementKey', 'LOC_DIPLO_KUDO_BRS_WARMONGER'),
		('AGENDA_BRS_MODIFIER_WARMONGER', 'SimpleModifierDescription', 'LOC_DIPLO_KUDO_BRS_WARMONGER_DESCRIPTION'),
		-- BRS REMEMBERS YOUR AGGRESSIONS
		('AGENDA_BRS_REMEMBER_WAR', 'InitialValue', '-50'),
		('AGENDA_BRS_REMEMBER_WAR', 'ReductionTurns', '0'),
		('AGENDA_BRS_REMEMBER_WAR', 'ReductionValue', '0'),
		('AGENDA_BRS_REMEMBER_WAR', 'StatementKey', 'LOC_DIPLO_WARNING_BRS_REMEMBER_WAR'),
		('AGENDA_BRS_REMEMBER_WAR', 'SimpleModifierDescription', 'LOC_DIPLO_WARNING_BRS_REMEMBER_WAR_DESCRIPTION'),
		-- BRS REMEMBERS FRIENDS
		('AGENDA_BRS_REMEMBER_FRIEND', 'InitialValue', '50'),
		('AGENDA_BRS_REMEMBER_FRIEND', 'ReductionTurns', '10'),
		('AGENDA_BRS_REMEMBER_FRIEND', 'ReductionValue', '1'),
		('AGENDA_BRS_REMEMBER_FRIEND', 'StatementKey', 'LOC_DIPLO_KUDO_BRS_REMEMBER_FRIEND'),
		('AGENDA_BRS_REMEMBER_FRIEND', 'SimpleModifierDescription', 'LOC_DIPLO_KUDO_BRS_REMEMBER_FRIEND_DESCRIPTION');

INSERT INTO ModifierStrings (ModifierId, Context, Text)
VALUES	('AGENDA_BRS_PLAYER_FRIEND_DENOUNCED', 'Sample', 'LOC_TOOLTIP_SAMPLE_DIPLOMACY_ALL'),
		('NONAGENDA_BRS_IGNORE_WARMONGERING', 'Sample', 'LOC_TOOLTIP_SAMPLE_DIPLOMACY_ALL'),
		('AGENDA_BRS_HIGH_STANDING_ARMY', 'Sample', 'LOC_TOOLTIP_SAMPLE_DIPLOMACY_ALL'),
		('AGENDA_BRS_MODIFIER_WITH_SHIELD_OR_ON_IT', 'Sample', 'LOC_TOOLTIP_SAMPLE_DIPLOMACY_ALL'),
		('AGENDA_BRS_MODIFIER_NOT_WARMONGER', 'Sample', 'LOC_TOOLTIP_SAMPLE_DIPLOMACY_ALL'),
		('AGENDA_BRS_MODIFIER_WARMONGER', 'Sample', 'LOC_TOOLTIP_SAMPLE_DIPLOMACY_ALL'),
		('AGENDA_BRS_REMEMBER_WAR', 'Sample', 'LOC_TOOLTIP_SAMPLE_DIPLOMACY_ALL'),
		('AGENDA_BRS_REMEMBER_FRIEND', 'Sample', 'LOC_TOOLTIP_SAMPLE_DIPLOMACY_ALL');